<?xml version="1.0"?>

<!--
-
- Sequel Pro XML dump
- Version 4541
-
- http://www.sequelpro.com/
- https://github.com/sequelpro/sequelpro
-
- Host: 127.0.0.1 (MySQL 5.7.18)
- Database: Bus
- Generation Time Time: 2017-12-17 10:08:41 +0000
-
-->

<mysqldump xmlns:xsi="http://www.w3.org/2001/XMLSchema-instance">
<database name="Bus">

	<table_structure name="bus">
		<field field="bus_id" type="int(4)" null="NO" key="PRI" default="<null>" extra="auto_increment" />
		<field field="bus_name" type="varchar(25)" null="NO" key="" default="" extra="" />
		<field field="bus_type" type="varchar(25)" null="NO" key="" default="" extra="" />
		<field field="no_of_seats" type="int(2)" null="NO" key="" default="<null>" extra="" />
		<field field="contact_no" type="double(10,0)" null="NO" key="" default="<null>" extra="" />
		<field field="bus_start_time" type="float" null="NO" key="" default="<null>" extra="" />
		<field field="route_id" type="int(4)" null="NO" key="" default="<null>" extra="" />

		<options name="bus" engine="InnoDB" version="10" row_format="Dynamic" rows="3" avg_row_length="5461" data_length="16384" max_data_length="0" index_length="0" data_free="0" create_time="2017-12-17 13:52:59" update_time="2017-12-17 14:47:50" collation="latin1_swedish_ci" create_options="" comment="" />
	</table_structure>

	<table_data name="bus">

	<row>
		<field name="bus_id">1234</field>
		<field name="bus_name">cal-ban</field>
		<field name="bus_type">express</field>
		<field name="no_of_seats">44</field>
		<field name="contact_no">9946440299</field>
		<field name="bus_start_time">15.45</field>
		<field name="route_id">1111</field>
	</row>

	<row>
		<field name="bus_id">1235</field>
		<field name="bus_name">cal-mys</field>
		<field name="bus_type">ac</field>
		<field name="no_of_seats">42</field>
		<field name="contact_no">9846352944</field>
		<field name="bus_start_time">9.45</field>
		<field name="route_id">1112</field>
	</row>

	<row>
		<field name="bus_id">1236</field>
		<field name="bus_name">cal-ban</field>
		<field name="bus_type">superfast</field>
		<field name="no_of_seats">44</field>
		<field name="contact_no">9946440299</field>
		<field name="bus_start_time">12.3</field>
		<field name="route_id">1111</field>
	</row>

	</table_data>

</database>
</mysqldump>
