<?xml version="1.0"?>

<!--
-
- Sequel Pro XML dump
- Version 4541
-
- http://www.sequelpro.com/
- https://github.com/sequelpro/sequelpro
-
- Host: 127.0.0.1 (MySQL 5.7.18)
- Database: Bus
- Generation Time Time: 2017-12-17 10:08:41 +0000
-
-->

<mysqldump xmlns:xsi="http://www.w3.org/2001/XMLSchema-instance">
<database name="Bus">

	<table_structure name="bus_and_route">
		<field field="b_r_id" type="int(4)" null="NO" key="PRI" default="<null>" extra="auto_increment" />
		<field field="bus_id" type="int(4)" null="NO" key="" default="<null>" extra="" />
		<field field="route_id" type="int(4)" null="NO" key="" default="<null>" extra="" />

		<options name="bus_and_route" engine="InnoDB" version="10" row_format="Dynamic" rows="1" avg_row_length="16384" data_length="16384" max_data_length="0" index_length="0" data_free="0" create_time="2017-12-16 10:45:04" update_time="2017-12-17 12:04:58" collation="latin1_swedish_ci" create_options="" comment="" />
	</table_structure>

	<table_data name="bus_and_route">

	<row>
		<field name="b_r_id">101</field>
		<field name="bus_id">1234</field>
		<field name="route_id">1111</field>
	</row>

	<row>
		<field name="b_r_id">102</field>
		<field name="bus_id">1235</field>
		<field name="route_id">1112</field>
	</row>

	</table_data>

</database>
</mysqldump>
