<?xml version="1.0"?>

<!--
-
- Sequel Pro XML dump
- Version 4541
-
- http://www.sequelpro.com/
- https://github.com/sequelpro/sequelpro
-
- Host: 127.0.0.1 (MySQL 5.7.18)
- Database: Bus
- Generation Time Time: 2017-12-17 10:08:41 +0000
-
-->

<mysqldump xmlns:xsi="http://www.w3.org/2001/XMLSchema-instance">
<database name="Bus">

	<table_structure name="rate">
		<field field="rate_id" type="int(4)" null="NO" key="PRI" default="<null>" extra="auto_increment" />
		<field field="bus_type" type="varchar(25)" null="NO" key="" default="" extra="" />
		<field field="rate_per_km" type="int(3)" null="NO" key="" default="<null>" extra="" />
		<field field="basic_rate" type="int(4)" null="NO" key="" default="<null>" extra="" />

		<options name="rate" engine="InnoDB" version="10" row_format="Dynamic" rows="0" avg_row_length="0" data_length="16384" max_data_length="0" index_length="0" data_free="0" create_time="2017-12-16 10:42:16" update_time="<null>" collation="latin1_swedish_ci" create_options="" comment="" />
	</table_structure>

	<table_data name="rate">

	</table_data>

</database>
</mysqldump>
