<?xml version="1.0"?>

<!--
-
- Sequel Pro XML dump
- Version 4541
-
- http://www.sequelpro.com/
- https://github.com/sequelpro/sequelpro
-
- Host: 127.0.0.1 (MySQL 5.7.18)
- Database: Bus
- Generation Time Time: 2017-12-17 10:08:41 +0000
-
-->

<mysqldump xmlns:xsi="http://www.w3.org/2001/XMLSchema-instance">
<database name="Bus">

	<table_structure name="route">
		<field field="route_id" type="int(4)" null="NO" key="PRI" default="<null>" extra="auto_increment" />
		<field field="route_name" type="varchar(25)" null="NO" key="" default="" extra="" />
		<field field="route_source" type="varchar(25)" null="NO" key="" default="" extra="" />
		<field field="route_destination" type="varchar(25)" null="NO" key="" default="" extra="" />
		<field field="route_distance" type="int(3)" null="NO" key="" default="<null>" extra="" />

		<options name="route" engine="InnoDB" version="10" row_format="Dynamic" rows="1" avg_row_length="16384" data_length="16384" max_data_length="0" index_length="0" data_free="0" create_time="2017-12-16 10:18:10" update_time="2017-12-17 14:12:13" collation="latin1_swedish_ci" create_options="" comment="" />
	</table_structure>

	<table_data name="route">

	<row>
		<field name="route_id">1111</field>
		<field name="route_name">calicut-bangalore</field>
		<field name="route_source">calicut</field>
		<field name="route_destination">bangalore</field>
		<field name="route_distance">350</field>
	</row>

	<row>
		<field name="route_id">1112</field>
		<field name="route_name">caliut-mysore</field>
		<field name="route_source">calicut</field>
		<field name="route_destination">mysore</field>
		<field name="route_distance">275</field>
	</row>

	</table_data>

</database>
</mysqldump>
