<?xml version="1.0"?>

<!--
-
- Sequel Pro XML dump
- Version 4541
-
- http://www.sequelpro.com/
- https://github.com/sequelpro/sequelpro
-
- Host: 127.0.0.1 (MySQL 5.7.18)
- Database: Bus
- Generation Time Time: 2017-12-17 10:08:41 +0000
-
-->

<mysqldump xmlns:xsi="http://www.w3.org/2001/XMLSchema-instance">
<database name="Bus">

	<table_structure name="seat">
		<field field="status_id" type="int(4)" null="NO" key="PRI" default="<null>" extra="auto_increment" />
		<field field="bus_id" type="int(4)" null="NO" key="" default="<null>" extra="" />
		<field field="seat_no" type="int(2)" null="NO" key="" default="<null>" extra="" />
		<field field="seat_status" type="varchar(10)" null="NO" key="" default="" extra="" />
		<field field="booked_value" type="int(2)" null="YES" key="" default="0" extra="" />

		<options name="seat" engine="InnoDB" version="10" row_format="Dynamic" rows="7" avg_row_length="2340" data_length="16384" max_data_length="0" index_length="0" data_free="0" create_time="2017-12-17 15:14:21" update_time="2017-12-17 15:14:32" collation="latin1_swedish_ci" create_options="" comment="" />
	</table_structure>

	<table_data name="seat">

	<row>
		<field name="status_id">101</field>
		<field name="bus_id">1234</field>
		<field name="seat_no">1</field>
		<field name="seat_status">available</field>
		<field name="booked_value">0</field>
	</row>

	<row>
		<field name="status_id">102</field>
		<field name="bus_id">1234</field>
		<field name="seat_no">2</field>
		<field name="seat_status">booked</field>
		<field name="booked_value">2</field>
	</row>

	<row>
		<field name="status_id">103</field>
		<field name="bus_id">1234</field>
		<field name="seat_no">3</field>
		<field name="seat_status">available</field>
		<field name="booked_value">0</field>
	</row>

	<row>
		<field name="status_id">104</field>
		<field name="bus_id">1234</field>
		<field name="seat_no">4</field>
		<field name="seat_status">available</field>
		<field name="booked_value">0</field>
	</row>

	<row>
		<field name="status_id">105</field>
		<field name="bus_id">1234</field>
		<field name="seat_no">5</field>
		<field name="seat_status">booked</field>
		<field name="booked_value">3</field>
	</row>

	<row>
		<field name="status_id">106</field>
		<field name="bus_id">1235</field>
		<field name="seat_no">1</field>
		<field name="seat_status">available</field>
		<field name="booked_value">0</field>
	</row>

	<row>
		<field name="status_id">107</field>
		<field name="bus_id">1235</field>
		<field name="seat_no">2</field>
		<field name="seat_status">booked</field>
		<field name="booked_value">0</field>
	</row>

	</table_data>

</database>
</mysqldump>
