<?xml version="1.0"?>

<!--
-
- Sequel Pro XML dump
- Version 4541
-
- http://www.sequelpro.com/
- https://github.com/sequelpro/sequelpro
-
- Host: 127.0.0.1 (MySQL 5.7.18)
- Database: Bus
- Generation Time Time: 2017-12-17 10:08:41 +0000
-
-->

<mysqldump xmlns:xsi="http://www.w3.org/2001/XMLSchema-instance">
<database name="Bus">

	<table_structure name="stops">
		<field field="stop_id" type="int(4)" null="NO" key="PRI" default="<null>" extra="auto_increment" />
		<field field="route_id" type="int(4)" null="NO" key="" default="<null>" extra="" />
		<field field="stop_name" type="varchar(25)" null="NO" key="" default="" extra="" />
		<field field="stop_value" type="int(2)" null="NO" key="" default="<null>" extra="" />
		<field field="distance_from_origin" type="int(3)" null="NO" key="" default="<null>" extra="" />
		<field field="time_from_origin" type="float" null="NO" key="" default="<null>" extra="" />

		<options name="stops" engine="InnoDB" version="10" row_format="Dynamic" rows="12" avg_row_length="1365" data_length="16384" max_data_length="0" index_length="0" data_free="0" create_time="2017-12-16 12:10:41" update_time="<null>" collation="latin1_swedish_ci" create_options="" comment="" />
	</table_structure>

	<table_data name="stops">

	<row>
		<field name="stop_id">100</field>
		<field name="route_id">1111</field>
		<field name="stop_name">calicut</field>
		<field name="stop_value">1</field>
		<field name="distance_from_origin">0</field>
		<field name="time_from_origin">0</field>
	</row>

	<row>
		<field name="stop_id">101</field>
		<field name="route_id">1111</field>
		<field name="stop_name">thamarassery</field>
		<field name="stop_value">2</field>
		<field name="distance_from_origin">15</field>
		<field name="time_from_origin">1</field>
	</row>

	<row>
		<field name="stop_id">102</field>
		<field name="route_id">1111</field>
		<field name="stop_name">sulthan bathery</field>
		<field name="stop_value">3</field>
		<field name="distance_from_origin">90</field>
		<field name="time_from_origin">2.3</field>
	</row>

	<row>
		<field name="stop_id">103</field>
		<field name="route_id">1111</field>
		<field name="stop_name">mysore</field>
		<field name="stop_value">4</field>
		<field name="distance_from_origin">200</field>
		<field name="time_from_origin">3.5</field>
	</row>

	<row>
		<field name="stop_id">104</field>
		<field name="route_id">1111</field>
		<field name="stop_name">bangalore</field>
		<field name="stop_value">5</field>
		<field name="distance_from_origin">350</field>
		<field name="time_from_origin">7.4</field>
	</row>

	<row>
		<field name="stop_id">105</field>
		<field name="route_id">1112</field>
		<field name="stop_name">calicut</field>
		<field name="stop_value">1</field>
		<field name="distance_from_origin">0</field>
		<field name="time_from_origin">0</field>
	</row>

	<row>
		<field name="stop_id">106</field>
		<field name="route_id">1112</field>
		<field name="stop_name">thamarassery</field>
		<field name="stop_value">2</field>
		<field name="distance_from_origin">15</field>
		<field name="time_from_origin">1</field>
	</row>

	<row>
		<field name="stop_id">107</field>
		<field name="route_id">1112</field>
		<field name="stop_name">sulthan bathery</field>
		<field name="stop_value">3</field>
		<field name="distance_from_origin">90</field>
		<field name="time_from_origin">2.3</field>
	</row>

	<row>
		<field name="stop_id">108</field>
		<field name="route_id">1112</field>
		<field name="stop_name">mysore</field>
		<field name="stop_value">4</field>
		<field name="distance_from_origin">200</field>
		<field name="time_from_origin">3.5</field>
	</row>

	<row>
		<field name="stop_id">109</field>
		<field name="route_id">1113</field>
		<field name="stop_name">bangalore</field>
		<field name="stop_value">1</field>
		<field name="distance_from_origin">0</field>
		<field name="time_from_origin">0</field>
	</row>

	<row>
		<field name="stop_id">110</field>
		<field name="route_id">1113</field>
		<field name="stop_name">mysore</field>
		<field name="stop_value">2</field>
		<field name="distance_from_origin">0</field>
		<field name="time_from_origin">0</field>
	</row>

	<row>
		<field name="stop_id">111</field>
		<field name="route_id">1113</field>
		<field name="stop_name">sulthan bathery</field>
		<field name="stop_value">3</field>
		<field name="distance_from_origin">0</field>
		<field name="time_from_origin">0</field>
	</row>

	<row>
		<field name="stop_id">112</field>
		<field name="route_id">1113</field>
		<field name="stop_name">thamarassery</field>
		<field name="stop_value">4</field>
		<field name="distance_from_origin">0</field>
		<field name="time_from_origin">0</field>
	</row>

	<row>
		<field name="stop_id">113</field>
		<field name="route_id">1113</field>
		<field name="stop_name">calicut</field>
		<field name="stop_value">5</field>
		<field name="distance_from_origin">0</field>
		<field name="time_from_origin">0</field>
	</row>

	</table_data>

</database>
</mysqldump>
