<?xml version="1.0"?>

<!--
-
- Sequel Pro XML dump
- Version 4541
-
- http://www.sequelpro.com/
- https://github.com/sequelpro/sequelpro
-
- Host: 127.0.0.1 (MySQL 5.7.18)
- Database: Bus
- Generation Time Time: 2017-12-17 10:08:41 +0000
-
-->

<mysqldump xmlns:xsi="http://www.w3.org/2001/XMLSchema-instance">
<database name="Bus">

	<table_structure name="user">
		<field field="user_id" type="int(11)" null="NO" key="PRI" default="<null>" extra="auto_increment" />
		<field field="name" type="varchar(25)" null="NO" key="" default="" extra="" />
		<field field="email" type="varchar(25)" null="NO" key="" default="" extra="" />
		<field field="user_contact" type="double(10,0)" null="NO" key="" default="<null>" extra="" />
		<field field="username" type="varchar(25)" null="NO" key="" default="" extra="" />
		<field field="password" type="varchar(25)" null="NO" key="" default="" extra="" />
		<field field="gender" type="char(1)" null="NO" key="" default="" extra="" />
		<field field="age" type="int(3)" null="NO" key="" default="<null>" extra="" />

		<options name="user" engine="InnoDB" version="10" row_format="Dynamic" rows="0" avg_row_length="0" data_length="16384" max_data_length="0" index_length="0" data_free="0" create_time="2017-12-16 11:46:16" update_time="<null>" collation="latin1_swedish_ci" create_options="" comment="" />
	</table_structure>

	<table_data name="user">

	</table_data>

</database>
</mysqldump>
